experience_level,avg_salary_usd
EN,61643.318181818184
EX,199392.03846153847
MI,87996.05633802817
SE,138617.29285714286
